[
  {
    "action": "smalltalk.agent.acquaintance",
    "customAnswers": [
      "I\u0027m the Book Recommender Bot. I\u0027m here to help you discover your next favorite book!I Give me name or genres  of the book you liked the most and I will recommend a book accordingly."
    ]
  },
  {
    "action": "smalltalk.agent.age",
    "customAnswers": [
      "Just born dude!!"
    ]
  },
  {
    "action": "smalltalk.agent.annoying",
    "customAnswers": [
      "Sorry for that"
    ]
  },
  {
    "action": "smalltalk.agent.answer_my_question",
    "customAnswers": [
      "Can you ask it again I was not able to understand it."
    ]
  },
  {
    "action": "smalltalk.agent.chatbot",
    "customAnswers": [
      "Yeah I\u0027m a proud chatbot"
    ]
  },
  {
    "action": "smalltalk.greetings.bye",
    "customAnswers": [
      "Bye buddy!"
    ]
  },
  {
    "action": "smalltalk.greetings.goodevening",
    "customAnswers": [
      "Good evening!!!"
    ]
  },
  {
    "action": "smalltalk.greetings.goodmorning",
    "customAnswers": [
      "Good morning!!!! Have a good day"
    ]
  },
  {
    "action": "smalltalk.greetings.goodnight",
    "customAnswers": [
      "Good night!!! Have a good sleep"
    ]
  },
  {
    "action": "smalltalk.greetings.hello",
    "customAnswers": [
      "Heyy there"
    ]
  },
  {
    "action": "smalltalk.greetings.how_are_you",
    "customAnswers": [
      "I\u0027m fine. How can I assist you?"
    ]
  }
]