[
  {
    "value": "Harry Potter and the Goblet of Fire ",
    "synonyms": [
      "Harry Potter and the Goblet of Fire "
    ]
  },
  {
    "value": "The Return of the King ",
    "synonyms": [
      "The Return of the King "
    ]
  },
  {
    "value": "Harry Potter and the Order of the Phoenix ",
    "synonyms": [
      "Harry Potter and the Order of the Phoenix "
    ]
  },
  {
    "value": "Harry Potter and the Prisoner of Azkaban ",
    "synonyms": [
      "Harry Potter and the Prisoner of Azkaban "
    ]
  },
  {
    "value": "Harry Potter and the Sorcerer\u0027s Stone ",
    "synonyms": [
      "Harry Potter and the Sorcerer\u0027s Stone "
    ]
  },
  {
    "value": "Harry Potter and the Prisoner of Azkaban ",
    "synonyms": [
      "Harry Potter and the Prisoner of Azkaban "
    ]
  },
  {
    "value": "To Kill a Mockingbird",
    "synonyms": [
      "To Kill a Mockingbird"
    ]
  },
  {
    "value": "The Two Towers ",
    "synonyms": [
      "The Two Towers "
    ]
  },
  {
    "value": "Harry Potter and the Sorcerer\u0027s Stone ",
    "synonyms": [
      "Harry Potter and the Sorcerer\u0027s Stone "
    ]
  },
  {
    "value": "Harry Potter and the Goblet of Fire ",
    "synonyms": [
      "Harry Potter and the Goblet of Fire "
    ]
  },
  {
    "value": "Harry Potter and the Sorcerer\u0027s Stone ",
    "synonyms": [
      "Harry Potter and the Sorcerer\u0027s Stone "
    ]
  },
  {
    "value": "Harry Potter and the Chamber of Secrets ",
    "synonyms": [
      "Harry Potter and the Chamber of Secrets "
    ]
  },
  {
    "value": "Charlotte\u0027s Web ",
    "synonyms": [
      "Charlotte\u0027s Web "
    ]
  },
  {
    "value": "Harry Potter and the Chamber of Secrets ",
    "synonyms": [
      "Harry Potter and the Chamber of Secrets "
    ]
  },
  {
    "value": "The Fellowship of the Ring ",
    "synonyms": [
      "The Fellowship of the Ring "
    ]
  },
  {
    "value": "Dune ",
    "synonyms": [
      "Dune "
    ]
  },
  {
    "value": "Ender\u0027s Game ",
    "synonyms": [
      "Ender\u0027s Game "
    ]
  },
  {
    "value": "The Hobbit : The Enchanting Prelude to The Lord of the Rings",
    "synonyms": [
      "The Hobbit : The Enchanting Prelude to The Lord of the Rings"
    ]
  },
  {
    "value": "A Wrinkle In Time",
    "synonyms": [
      "A Wrinkle In Time"
    ]
  },
  {
    "value": "Griffin and Sabine: An Extraordinary Correspondence",
    "synonyms": [
      "Griffin and Sabine: An Extraordinary Correspondence"
    ]
  },
  {
    "value": "1984",
    "synonyms": [
      "1984"
    ]
  },
  {
    "value": "The Little Prince",
    "synonyms": [
      "The Little Prince"
    ]
  },
  {
    "value": "The Princess Bride: S Morgenstern\u0027s Classic Tale of True Love and High Adventure",
    "synonyms": [
      "The Princess Bride: S Morgenstern\u0027s Classic Tale of True Love and High Adventure"
    ]
  },
  {
    "value": "Tuesdays with Morrie: An Old Man, a Young Man, and Life\u0027s Greatest Lesson",
    "synonyms": [
      "Tuesdays with Morrie: An Old Man, a Young Man, and Life\u0027s Greatest Lesson"
    ]
  },
  {
    "value": "Anne of Green Gables ",
    "synonyms": [
      "Anne of Green Gables "
    ]
  },
  {
    "value": "Anne of Avonlea ",
    "synonyms": [
      "Anne of Avonlea "
    ]
  },
  {
    "value": "Fahrenheit 451",
    "synonyms": [
      "Fahrenheit 451"
    ]
  },
  {
    "value": "A Prayer for Owen Meany",
    "synonyms": [
      "A Prayer for Owen Meany"
    ]
  },
  {
    "value": "The Giver ",
    "synonyms": [
      "The Giver "
    ]
  },
  {
    "value": "Lamb : The Gospel According to Biff, Christ\u0027s Childhood Pal",
    "synonyms": [
      "Lamb : The Gospel According to Biff, Christ\u0027s Childhood Pal"
    ]
  },
  {
    "value": "Anne Frank: The Diary of a Young Girl",
    "synonyms": [
      "Anne Frank: The Diary of a Young Girl"
    ]
  },
  {
    "value": "Watership Down",
    "synonyms": [
      "Watership Down"
    ]
  },
  {
    "value": "The Mists of Avalon",
    "synonyms": [
      "The Mists of Avalon"
    ]
  },
  {
    "value": "Holes ",
    "synonyms": [
      "Holes "
    ]
  },
  {
    "value": "Outlander",
    "synonyms": [
      "Outlander"
    ]
  },
  {
    "value": "The Da Vinci Code",
    "synonyms": [
      "The Da Vinci Code"
    ]
  },
  {
    "value": "The Secret Life of Bees",
    "synonyms": [
      "The Secret Life of Bees"
    ]
  },
  {
    "value": "The Color Purple",
    "synonyms": [
      "The Color Purple"
    ]
  },
  {
    "value": "To the Nines: A Stephanie Plum Novel",
    "synonyms": [
      "To the Nines: A Stephanie Plum Novel"
    ]
  },
  {
    "value": "Fried Green Tomatoes at the Whistle Stop Cafe",
    "synonyms": [
      "Fried Green Tomatoes at the Whistle Stop Cafe"
    ]
  },
  {
    "value": "East of Eden ",
    "synonyms": [
      "East of Eden "
    ]
  },
  {
    "value": "The Bean Trees",
    "synonyms": [
      "The Bean Trees"
    ]
  },
  {
    "value": "A Wrinkle in Time",
    "synonyms": [
      "A Wrinkle in Time"
    ]
  },
  {
    "value": "Where the Red Fern Grows",
    "synonyms": [
      "Where the Red Fern Grows"
    ]
  },
  {
    "value": "Lies and the Lying Liars Who Tell Them: A Fair and Balanced Look at the Right",
    "synonyms": [
      "Lies and the Lying Liars Who Tell Them: A Fair and Balanced Look at the Right"
    ]
  },
  {
    "value": "Night",
    "synonyms": [
      "Night"
    ]
  },
  {
    "value": "The Handmaid\u0027s Tale",
    "synonyms": [
      "The Handmaid\u0027s Tale"
    ]
  },
  {
    "value": "Seabiscuit: An American Legend",
    "synonyms": [
      "Seabiscuit: An American Legend"
    ]
  },
  {
    "value": "The Green Mile",
    "synonyms": [
      "The Green Mile"
    ]
  },
  {
    "value": "Fast Food Nation: The Dark Side of the All-American Meal",
    "synonyms": [
      "Fast Food Nation: The Dark Side of the All-American Meal"
    ]
  },
  {
    "value": "Ishmael: An Adventure of the Mind and Spirit",
    "synonyms": [
      "Ishmael: An Adventure of the Mind and Spirit"
    ]
  },
  {
    "value": "Tears of the Giraffe ",
    "synonyms": [
      "Tears of the Giraffe "
    ]
  },
  {
    "value": "Free",
    "synonyms": [
      "Free"
    ]
  },
  {
    "value": "The Phantom Tollbooth",
    "synonyms": [
      "The Phantom Tollbooth"
    ]
  },
  {
    "value": "The Curious Incident of the Dog in the Night-Time ",
    "synonyms": [
      "The Curious Incident of the Dog in the Night-Time "
    ]
  },
  {
    "value": "ANGELA\u0027S ASHES",
    "synonyms": [
      "ANGELA\u0027S ASHES"
    ]
  },
  {
    "value": "The Color Purple",
    "synonyms": [
      "The Color Purple"
    ]
  },
  {
    "value": "The Secret Life of Bees",
    "synonyms": [
      "The Secret Life of Bees"
    ]
  },
  {
    "value": "The Stand: Complete and Uncut",
    "synonyms": [
      "The Stand: Complete and Uncut"
    ]
  },
  {
    "value": "The Other Boleyn Girl",
    "synonyms": [
      "The Other Boleyn Girl"
    ]
  },
  {
    "value": "Dragonfly in Amber",
    "synonyms": [
      "Dragonfly in Amber"
    ]
  },
  {
    "value": "Soul Harvest: The World Takes Sides ",
    "synonyms": [
      "Soul Harvest: The World Takes Sides "
    ]
  },
  {
    "value": "Four Blind Mice",
    "synonyms": [
      "Four Blind Mice"
    ]
  },
  {
    "value": "Eats, Shoots \u0026amp; Leaves: The Zero Tolerance Approach to Punctuation",
    "synonyms": [
      "Eats, Shoots \u0026amp",
      " Leaves: The Zero Tolerance Approach to Punctuation"
    ]
  },
  {
    "value": "Tribulation Force: The Continuing Drama of Those Left Behind ",
    "synonyms": [
      "Tribulation Force: The Continuing Drama of Those Left Behind "
    ]
  },
  {
    "value": "Silence of the Lambs",
    "synonyms": [
      "Silence of the Lambs"
    ]
  },
  {
    "value": "The Subtle Knife ",
    "synonyms": [
      "The Subtle Knife "
    ]
  },
  {
    "value": "One Flew Over the Cuckoo\u0027s Nest",
    "synonyms": [
      "One Flew Over the Cuckoo\u0027s Nest"
    ]
  },
  {
    "value": "Key of Valor ",
    "synonyms": [
      "Key of Valor "
    ]
  },
  {
    "value": "The Pillars of the Earth",
    "synonyms": [
      "The Pillars of the Earth"
    ]
  },
  {
    "value": "Siddhartha",
    "synonyms": [
      "Siddhartha"
    ]
  },
  {
    "value": "Fight Club",
    "synonyms": [
      "Fight Club"
    ]
  },
  {
    "value": "Animal Farm",
    "synonyms": [
      "Animal Farm"
    ]
  },
  {
    "value": "The Hitchhiker\u0027s Guide to the Galaxy",
    "synonyms": [
      "The Hitchhiker\u0027s Guide to the Galaxy"
    ]
  },
  {
    "value": "The Poisonwood Bible",
    "synonyms": [
      "The Poisonwood Bible"
    ]
  },
  {
    "value": "Tuesdays with Morrie: An Old Man, a Young Man, and Life\u0027s Greatest Lesson",
    "synonyms": [
      "Tuesdays with Morrie: An Old Man, a Young Man, and Life\u0027s Greatest Lesson"
    ]
  },
  {
    "value": "Memoirs of a Geisha",
    "synonyms": [
      "Memoirs of a Geisha"
    ]
  },
  {
    "value": "One for the Money ",
    "synonyms": [
      "One for the Money "
    ]
  },
  {
    "value": "Secret History : A Novel",
    "synonyms": [
      "Secret History : A Novel"
    ]
  },
  {
    "value": "High Five ",
    "synonyms": [
      "High Five "
    ]
  },
  {
    "value": "Dude, Where\u0027s My Country?",
    "synonyms": [
      "Dude, Where\u0027s My Country?"
    ]
  },
  {
    "value": "The Eyre Affair: A Novel",
    "synonyms": [
      "The Eyre Affair: A Novel"
    ]
  },
  {
    "value": "Interpreter of Maladies",
    "synonyms": [
      "Interpreter of Maladies"
    ]
  },
  {
    "value": "I Know This Much Is True ",
    "synonyms": [
      "I Know This Much Is True "
    ]
  },
  {
    "value": "Slaughterhouse Five or the Children\u0027s Crusade: A Duty Dance With Death",
    "synonyms": [
      "Slaughterhouse Five or the Children\u0027s Crusade: A Duty Dance With Death"
    ]
  },
  {
    "value": "The Notebook",
    "synonyms": [
      "The Notebook"
    ]
  },
  {
    "value": "Year of Wonders",
    "synonyms": [
      "Year of Wonders"
    ]
  },
  {
    "value": "The Lovely Bones: A Novel",
    "synonyms": [
      "The Lovely Bones: A Novel"
    ]
  },
  {
    "value": "The Handmaid\u0027s Tale : A Novel",
    "synonyms": [
      "The Handmaid\u0027s Tale : A Novel"
    ]
  },
  {
    "value": "Nickel and Dimed: On  Getting By in America",
    "synonyms": [
      "Nickel and Dimed: On  Getting By in America"
    ]
  },
  {
    "value": "Their Eyes Were Watching God: A Novel",
    "synonyms": [
      "Their Eyes Were Watching God: A Novel"
    ]
  },
  {
    "value": "Stranger in a Strange Land ",
    "synonyms": [
      "Stranger in a Strange Land "
    ]
  },
  {
    "value": "Blindness ",
    "synonyms": [
      "Blindness "
    ]
  },
  {
    "value": "Evening Class",
    "synonyms": [
      "Evening Class"
    ]
  },
  {
    "value": "The Red Tent ",
    "synonyms": [
      "The Red Tent "
    ]
  },
  {
    "value": "The Last Juror",
    "synonyms": [
      "The Last Juror"
    ]
  },
  {
    "value": "Two for the Dough",
    "synonyms": [
      "Two for the Dough"
    ]
  },
  {
    "value": "Hard Eight : A Stephanie Plum Novel ",
    "synonyms": [
      "Hard Eight : A Stephanie Plum Novel "
    ]
  },
  {
    "value": "Angela\u0027s Ashes: A Memoir",
    "synonyms": [
      "Angela\u0027s Ashes: A Memoir"
    ]
  },
  {
    "value": "I Know This Much Is True",
    "synonyms": [
      "I Know This Much Is True"
    ]
  },
  {
    "value": "The Joy Luck Club",
    "synonyms": [
      "The Joy Luck Club"
    ]
  },
  {
    "value": "The Poisonwood Bible: A Novel",
    "synonyms": [
      "The Poisonwood Bible: A Novel"
    ]
  },
  {
    "value": "Lolita ",
    "synonyms": [
      "Lolita "
    ]
  },
  {
    "value": "The Color of Water: A Black Man\u0027s Tribute to His White Mother",
    "synonyms": [
      "The Color of Water: A Black Man\u0027s Tribute to His White Mother"
    ]
  },
  {
    "value": "High Fidelity",
    "synonyms": [
      "High Fidelity"
    ]
  },
  {
    "value": "The Curious Incident of the Dog in the Night-Time ",
    "synonyms": [
      "The Curious Incident of the Dog in the Night-Time "
    ]
  },
  {
    "value": "Morality for Beautiful Girls ",
    "synonyms": [
      "Morality for Beautiful Girls "
    ]
  },
  {
    "value": "Middlesex: A Novel",
    "synonyms": [
      "Middlesex: A Novel"
    ]
  },
  {
    "value": "Lucky : A Memoir",
    "synonyms": [
      "Lucky : A Memoir"
    ]
  },
  {
    "value": "Where the Heart Is ",
    "synonyms": [
      "Where the Heart Is "
    ]
  },
  {
    "value": "A Walk in the Woods: Rediscovering America on the Appalachian Trail ",
    "synonyms": [
      "A Walk in the Woods: Rediscovering America on the Appalachian Trail "
    ]
  },
  {
    "value": "The Hunt for Red October",
    "synonyms": [
      "The Hunt for Red October"
    ]
  },
  {
    "value": "Like Water for Chocolate: A Novel in Monthly Installments, With Recipes, Romances, and Home Remedies",
    "synonyms": [
      "Like Water for Chocolate: A Novel in Monthly Installments, With Recipes, Romances, and Home Remedies"
    ]
  },
  {
    "value": "What to Expect the First Year",
    "synonyms": [
      "What to Expect the First Year"
    ]
  },
  {
    "value": "What to Expect When You\u0027re Expecting ",
    "synonyms": [
      "What to Expect When You\u0027re Expecting "
    ]
  },
  {
    "value": "C Is for Corpse ",
    "synonyms": [
      "C Is for Corpse "
    ]
  },
  {
    "value": "The Clan of the Cave Bear ",
    "synonyms": [
      "The Clan of the Cave Bear "
    ]
  },
  {
    "value": "Prodigal Summer",
    "synonyms": [
      "Prodigal Summer"
    ]
  },
  {
    "value": "Bel Canto: A Novel",
    "synonyms": [
      "Bel Canto: A Novel"
    ]
  },
  {
    "value": "Of Mice and Men ",
    "synonyms": [
      "Of Mice and Men "
    ]
  },
  {
    "value": "Prodigal Summer: A Novel",
    "synonyms": [
      "Prodigal Summer: A Novel"
    ]
  },
  {
    "value": "The House of the Spirits",
    "synonyms": [
      "The House of the Spirits"
    ]
  },
  {
    "value": "Hard Eight : A Stephanie Plum Novel ",
    "synonyms": [
      "Hard Eight : A Stephanie Plum Novel "
    ]
  },
  {
    "value": "Nicolae: The Rise of Antichrist ",
    "synonyms": [
      "Nicolae: The Rise of Antichrist "
    ]
  },
  {
    "value": "Good Omens",
    "synonyms": [
      "Good Omens"
    ]
  },
  {
    "value": "Sisterhood of the Traveling Pants",
    "synonyms": [
      "Sisterhood of the Traveling Pants"
    ]
  },
  {
    "value": "Seabiscuit",
    "synonyms": [
      "Seabiscuit"
    ]
  },
  {
    "value": "Bastard Out of Carolina",
    "synonyms": [
      "Bastard Out of Carolina"
    ]
  },
  {
    "value": "Lucky Man: A Memoir",
    "synonyms": [
      "Lucky Man: A Memoir"
    ]
  },
  {
    "value": "The Perks of Being a Wallflower",
    "synonyms": [
      "The Perks of Being a Wallflower"
    ]
  },
  {
    "value": "Angels \u0026amp; Demons",
    "synonyms": [
      "Angels \u0026amp",
      " Demons"
    ]
  },
  {
    "value": "Coraline",
    "synonyms": [
      "Coraline"
    ]
  },
  {
    "value": "On the Road",
    "synonyms": [
      "On the Road"
    ]
  },
  {
    "value": "Memoirs of a Geisha Uk",
    "synonyms": [
      "Memoirs of a Geisha Uk"
    ]
  },
  {
    "value": "The Lost Boy: A Foster Child\u0027s Search for the Love of a Family",
    "synonyms": [
      "The Lost Boy: A Foster Child\u0027s Search for the Love of a Family"
    ]
  },
  {
    "value": "Three To Get Deadly : A Stephanie Plum Novel ",
    "synonyms": [
      "Three To Get Deadly : A Stephanie Plum Novel "
    ]
  },
  {
    "value": "The Sparrow",
    "synonyms": [
      "The Sparrow"
    ]
  },
  {
    "value": "Four To Score ",
    "synonyms": [
      "Four To Score "
    ]
  },
  {
    "value": "Catch 22",
    "synonyms": [
      "Catch 22"
    ]
  },
  {
    "value": "Life of Pi",
    "synonyms": [
      "Life of Pi"
    ]
  },
  {
    "value": "Naked",
    "synonyms": [
      "Naked"
    ]
  },
  {
    "value": "The No. 1 Ladies\u0027 Detective Agency",
    "synonyms": [
      "The No. 1 Ladies\u0027 Detective Agency"
    ]
  },
  {
    "value": "Intensity",
    "synonyms": [
      "Intensity"
    ]
  },
  {
    "value": "The Talisman",
    "synonyms": [
      "The Talisman"
    ]
  },
  {
    "value": "The World According to Garp",
    "synonyms": [
      "The World According to Garp"
    ]
  },
  {
    "value": "The Blue Nowhere : A Novel",
    "synonyms": [
      "The Blue Nowhere : A Novel"
    ]
  },
  {
    "value": "Into Thin Air : A Personal Account of the Mt. Everest Disaster",
    "synonyms": [
      "Into Thin Air : A Personal Account of the Mt. Everest Disaster"
    ]
  },
  {
    "value": "Flowers for Algernon ",
    "synonyms": [
      "Flowers for Algernon "
    ]
  },
  {
    "value": "Roses Are Red ",
    "synonyms": [
      "Roses Are Red "
    ]
  },
  {
    "value": "The Amazing Adventures of Kavalier \u0026amp; Clay",
    "synonyms": [
      "The Amazing Adventures of Kavalier \u0026amp",
      " Clay"
    ]
  },
  {
    "value": "Good in Bed",
    "synonyms": [
      "Good in Bed"
    ]
  },
  {
    "value": "The Bonesetter\u0027s Daughter",
    "synonyms": [
      "The Bonesetter\u0027s Daughter"
    ]
  },
  {
    "value": "Shopaholic Takes Manhattan ",
    "synonyms": [
      "Shopaholic Takes Manhattan "
    ]
  },
  {
    "value": "The No. 1 Ladies\u0027 Detective Agency ",
    "synonyms": [
      "The No. 1 Ladies\u0027 Detective Agency "
    ]
  },
  {
    "value": "The Alchemist: A Fable About Following Your Dream",
    "synonyms": [
      "The Alchemist: A Fable About Following Your Dream"
    ]
  },
  {
    "value": "Life of Pi",
    "synonyms": [
      "Life of Pi"
    ]
  },
  {
    "value": "Seven Up ",
    "synonyms": [
      "Seven Up "
    ]
  },
  {
    "value": "Cruel \u0026amp; Unusual ",
    "synonyms": [
      "Cruel \u0026amp",
      " Unusual "
    ]
  },
  {
    "value": "Cold Mountain",
    "synonyms": [
      "Cold Mountain"
    ]
  },
  {
    "value": "The Gunslinger ",
    "synonyms": [
      "The Gunslinger "
    ]
  },
  {
    "value": "Atlas Shrugged",
    "synonyms": [
      "Atlas Shrugged"
    ]
  },
  {
    "value": "All Around the Town",
    "synonyms": [
      "All Around the Town"
    ]
  },
  {
    "value": "STONES FROM THE RIVER",
    "synonyms": [
      "STONES FROM THE RIVER"
    ]
  },
  {
    "value": "The Five People You Meet in Heaven",
    "synonyms": [
      "The Five People You Meet in Heaven"
    ]
  },
  {
    "value": "The Valley of Horses",
    "synonyms": [
      "The Valley of Horses"
    ]
  },
  {
    "value": "Love in the Time of Cholera ",
    "synonyms": [
      "Love in the Time of Cholera "
    ]
  },
  {
    "value": "Pretend You Don\u0027t See Her",
    "synonyms": [
      "Pretend You Don\u0027t See Her"
    ]
  },
  {
    "value": "The Boy Next Door",
    "synonyms": [
      "The Boy Next Door"
    ]
  },
  {
    "value": "Go Ask Alice",
    "synonyms": [
      "Go Ask Alice"
    ]
  },
  {
    "value": "Watchers",
    "synonyms": [
      "Watchers"
    ]
  },
  {
    "value": "Plain Truth",
    "synonyms": [
      "Plain Truth"
    ]
  },
  {
    "value": "The Dogs of Babel ",
    "synonyms": [
      "The Dogs of Babel "
    ]
  },
  {
    "value": "Along Came a Spider ",
    "synonyms": [
      "Along Came a Spider "
    ]
  },
  {
    "value": "Jonathan Livingston Seagull",
    "synonyms": [
      "Jonathan Livingston Seagull"
    ]
  },
  {
    "value": "Circle of Friends",
    "synonyms": [
      "Circle of Friends"
    ]
  },
  {
    "value": "Dance upon the Air ",
    "synonyms": [
      "Dance upon the Air "
    ]
  },
  {
    "value": "Balzac and the Little Chinese Seamstress : A Novel",
    "synonyms": [
      "Balzac and the Little Chinese Seamstress : A Novel"
    ]
  },
  {
    "value": "The Tao of Pooh",
    "synonyms": [
      "The Tao of Pooh"
    ]
  },
  {
    "value": "Neverwhere",
    "synonyms": [
      "Neverwhere"
    ]
  },
  {
    "value": "American Gods",
    "synonyms": [
      "American Gods"
    ]
  },
  {
    "value": "The Thorn Birds",
    "synonyms": [
      "The Thorn Birds"
    ]
  },
  {
    "value": "I Know Why the Caged Bird Sings",
    "synonyms": [
      "I Know Why the Caged Bird Sings"
    ]
  },
  {
    "value": "Tell No One",
    "synonyms": [
      "Tell No One"
    ]
  },
  {
    "value": "Girl with a Pearl Earring",
    "synonyms": [
      "Girl with a Pearl Earring"
    ]
  },
  {
    "value": "Key of Light ",
    "synonyms": [
      "Key of Light "
    ]
  },
  {
    "value": "The Outsiders ",
    "synonyms": [
      "The Outsiders "
    ]
  },
  {
    "value": "Misery",
    "synonyms": [
      "Misery"
    ]
  },
  {
    "value": "Angela\u0027s Ashes  : A Memoir",
    "synonyms": [
      "Angela\u0027s Ashes  : A Memoir"
    ]
  },
  {
    "value": "A Child Called \\It\\\": One Child\u0027s Courage to Survive\"",
    "synonyms": [
      "A Child Called \\It\\\": One Child\u0027s Courage to Survive\""
    ]
  },
  {
    "value": "Q Is for Quarry",
    "synonyms": [
      "Q Is for Quarry"
    ]
  },
  {
    "value": "The Kitchen God\u0027s Wife",
    "synonyms": [
      "The Kitchen God\u0027s Wife"
    ]
  },
  {
    "value": "White Oleander : A Novel",
    "synonyms": [
      "White Oleander : A Novel"
    ]
  },
  {
    "value": "The Body Farm",
    "synonyms": [
      "The Body Farm"
    ]
  },
  {
    "value": "Chicken Soup for the Pet Lover\u0027s Soul ",
    "synonyms": [
      "Chicken Soup for the Pet Lover\u0027s Soul "
    ]
  },
  {
    "value": "A Fine Balance",
    "synonyms": [
      "A Fine Balance"
    ]
  },
  {
    "value": "Lord of the Flies",
    "synonyms": [
      "Lord of the Flies"
    ]
  },
  {
    "value": "All That Remains ",
    "synonyms": [
      "All That Remains "
    ]
  },
  {
    "value": "Red Dragon",
    "synonyms": [
      "Red Dragon"
    ]
  },
  {
    "value": "All I Really Need to Know",
    "synonyms": [
      "All I Really Need to Know"
    ]
  },
  {
    "value": "It Was on Fire When I Lay Down on It",
    "synonyms": [
      "It Was on Fire When I Lay Down on It"
    ]
  },
  {
    "value": "Cat \u0026amp; Mouse ",
    "synonyms": [
      "Cat \u0026amp",
      " Mouse "
    ]
  },
  {
    "value": "Chocolat",
    "synonyms": [
      "Chocolat"
    ]
  },
  {
    "value": "From the Corner of His Eye",
    "synonyms": [
      "From the Corner of His Eye"
    ]
  },
  {
    "value": "The Honk and Holler Opening Soon",
    "synonyms": [
      "The Honk and Holler Opening Soon"
    ]
  },
  {
    "value": "The Vampire Lestat ",
    "synonyms": [
      "The Vampire Lestat "
    ]
  },
  {
    "value": "A Widow for One Year",
    "synonyms": [
      "A Widow for One Year"
    ]
  },
  {
    "value": "A Year in Provence",
    "synonyms": [
      "A Year in Provence"
    ]
  },
  {
    "value": "A Time to Kill",
    "synonyms": [
      "A Time to Kill"
    ]
  },
  {
    "value": "Wish You Well",
    "synonyms": [
      "Wish You Well"
    ]
  },
  {
    "value": "G Is for Gumshoe ",
    "synonyms": [
      "G Is for Gumshoe "
    ]
  },
  {
    "value": "The Witching Hour ",
    "synonyms": [
      "The Witching Hour "
    ]
  },
  {
    "value": "One for the Money ",
    "synonyms": [
      "One for the Money "
    ]
  },
  {
    "value": "Notes from a Small Island",
    "synonyms": [
      "Notes from a Small Island"
    ]
  },
  {
    "value": "Peace Like a River",
    "synonyms": [
      "Peace Like a River"
    ]
  },
  {
    "value": "Into the Wild",
    "synonyms": [
      "Into the Wild"
    ]
  },
  {
    "value": "Couplehood",
    "synonyms": [
      "Couplehood"
    ]
  },
  {
    "value": "E Is for Evidence: A Kinsey Millhone Mystery ",
    "synonyms": [
      "E Is for Evidence: A Kinsey Millhone Mystery "
    ]
  },
  {
    "value": "The Golden Compass ",
    "synonyms": [
      "The Golden Compass "
    ]
  },
  {
    "value": "Animal Dreams",
    "synonyms": [
      "Animal Dreams"
    ]
  },
  {
    "value": "Bag of Bones",
    "synonyms": [
      "Bag of Bones"
    ]
  },
  {
    "value": "The Hot Zone",
    "synonyms": [
      "The Hot Zone"
    ]
  },
  {
    "value": "Jewels of the Sun ",
    "synonyms": [
      "Jewels of the Sun "
    ]
  },
  {
    "value": "Divine Secrets of the Ya-Ya Sisterhood: A Novel",
    "synonyms": [
      "Divine Secrets of the Ya-Ya Sisterhood: A Novel"
    ]
  },
  {
    "value": "The Client",
    "synonyms": [
      "The Client"
    ]
  },
  {
    "value": "The Glass Lake",
    "synonyms": [
      "The Glass Lake"
    ]
  },
  {
    "value": "Night Sins",
    "synonyms": [
      "Night Sins"
    ]
  },
  {
    "value": "Needful Things",
    "synonyms": [
      "Needful Things"
    ]
  },
  {
    "value": "J Is for Judgment",
    "synonyms": [
      "J Is for Judgment"
    ]
  },
  {
    "value": "Nightmares \u0026amp; Dreamscapes",
    "synonyms": [
      "Nightmares \u0026amp",
      " Dreamscapes"
    ]
  },
  {
    "value": "Face the Fire ",
    "synonyms": [
      "Face the Fire "
    ]
  },
  {
    "value": "Me Talk Pretty One Day",
    "synonyms": [
      "Me Talk Pretty One Day"
    ]
  },
  {
    "value": "The Face of Deception",
    "synonyms": [
      "The Face of Deception"
    ]
  },
  {
    "value": "Fatal Voyage",
    "synonyms": [
      "Fatal Voyage"
    ]
  },
  {
    "value": "The Bonesetter\u0027s Daughter",
    "synonyms": [
      "The Bonesetter\u0027s Daughter"
    ]
  },
  {
    "value": "Angus, Thongs and Full-Frontal Snogging: Confessions of Georgia Nicolson",
    "synonyms": [
      "Angus, Thongs and Full-Frontal Snogging: Confessions of Georgia Nicolson"
    ]
  },
  {
    "value": "Heaven and Earth ",
    "synonyms": [
      "Heaven and Earth "
    ]
  },
  {
    "value": "Catch Me If You Can: The True Story of a Real Fake",
    "synonyms": [
      "Catch Me If You Can: The True Story of a Real Fake"
    ]
  },
  {
    "value": "The Reptile Room ",
    "synonyms": [
      "The Reptile Room "
    ]
  },
  {
    "value": "Wicked: The Life and Times of the Wicked Witch of the West",
    "synonyms": [
      "Wicked: The Life and Times of the Wicked Witch of the West"
    ]
  },
  {
    "value": "Key of Knowledge ",
    "synonyms": [
      "Key of Knowledge "
    ]
  },
  {
    "value": "Atonement: A Novel",
    "synonyms": [
      "Atonement: A Novel"
    ]
  },
  {
    "value": "Timeline",
    "synonyms": [
      "Timeline"
    ]
  },
  {
    "value": "Shopaholic Ties the Knot",
    "synonyms": [
      "Shopaholic Ties the Knot"
    ]
  },
  {
    "value": "Jurassic Park",
    "synonyms": [
      "Jurassic Park"
    ]
  },
  {
    "value": "White Oleander : A Novel ",
    "synonyms": [
      "White Oleander : A Novel "
    ]
  },
  {
    "value": "About a Boy ",
    "synonyms": [
      "About a Boy "
    ]
  },
  {
    "value": "The Mummy or Ramses the Damned",
    "synonyms": [
      "The Mummy or Ramses the Damned"
    ]
  },
  {
    "value": "The Pilot\u0027s Wife",
    "synonyms": [
      "The Pilot\u0027s Wife"
    ]
  },
  {
    "value": "Three Fates",
    "synonyms": [
      "Three Fates"
    ]
  },
  {
    "value": "Postmortem",
    "synonyms": [
      "Postmortem"
    ]
  },
  {
    "value": "The Prince of Tides",
    "synonyms": [
      "The Prince of Tides"
    ]
  },
  {
    "value": "A Walk to Remember",
    "synonyms": [
      "A Walk to Remember"
    ]
  },
  {
    "value": "The Eye of the World ",
    "synonyms": [
      "The Eye of the World "
    ]
  },
  {
    "value": "F Is for Fugitive ",
    "synonyms": [
      "F Is for Fugitive "
    ]
  },
  {
    "value": "Like Water for Chocolate : A Novel in Monthly Installments with Recipes, Romances, and Home Remedies",
    "synonyms": [
      "Like Water for Chocolate : A Novel in Monthly Installments with Recipes, Romances, and Home Remedies"
    ]
  },
  {
    "value": "The Hundred Secret Senses",
    "synonyms": [
      "The Hundred Secret Senses"
    ]
  },
  {
    "value": "Bel Canto",
    "synonyms": [
      "Bel Canto"
    ]
  },
  {
    "value": "Everything\u0027s Eventual : 14 Dark Tales",
    "synonyms": [
      "Everything\u0027s Eventual : 14 Dark Tales"
    ]
  },
  {
    "value": "Kiss the Girls",
    "synonyms": [
      "Kiss the Girls"
    ]
  },
  {
    "value": "Heart of the Sea ",
    "synonyms": [
      "Heart of the Sea "
    ]
  },
  {
    "value": "Girl in Hyacinth Blue",
    "synonyms": [
      "Girl in Hyacinth Blue"
    ]
  },
  {
    "value": "Daddy\u0027s Little Girl",
    "synonyms": [
      "Daddy\u0027s Little Girl"
    ]
  },
  {
    "value": "The Bean Trees",
    "synonyms": [
      "The Bean Trees"
    ]
  },
  {
    "value": "The Firm",
    "synonyms": [
      "The Firm"
    ]
  },
  {
    "value": "Tears of the Moon ",
    "synonyms": [
      "Tears of the Moon "
    ]
  },
  {
    "value": "Black House",
    "synonyms": [
      "Black House"
    ]
  },
  {
    "value": "The Beach House",
    "synonyms": [
      "The Beach House"
    ]
  },
  {
    "value": "Brave New World",
    "synonyms": [
      "Brave New World"
    ]
  },
  {
    "value": "Timeline",
    "synonyms": [
      "Timeline"
    ]
  },
  {
    "value": "Simple Abundance:  A Daybook of Comfort and Joy",
    "synonyms": [
      "Simple Abundance:  A Daybook of Comfort and Joy"
    ]
  },
  {
    "value": "B Is for Burglar ",
    "synonyms": [
      "B Is for Burglar "
    ]
  },
  {
    "value": "Hot Six : A Stephanie Plum Novel ",
    "synonyms": [
      "Hot Six : A Stephanie Plum Novel "
    ]
  },
  {
    "value": "Snow Falling on Cedars",
    "synonyms": [
      "Snow Falling on Cedars"
    ]
  },
  {
    "value": "2nd Chance",
    "synonyms": [
      "2nd Chance"
    ]
  },
  {
    "value": "Jack \u0026amp; Jill ",
    "synonyms": [
      "Jack \u0026amp",
      " Jill "
    ]
  },
  {
    "value": "Call of the Wild",
    "synonyms": [
      "Call of the Wild"
    ]
  },
  {
    "value": "Confessions of a Shopaholic ",
    "synonyms": [
      "Confessions of a Shopaholic "
    ]
  },
  {
    "value": "Stupid White Men ...and Other Sorry Excuses for the State of the Nation!",
    "synonyms": [
      "Stupid White Men ...and Other Sorry Excuses for the State of the Nation!"
    ]
  },
  {
    "value": "The Big Bad Wolf: A Novel",
    "synonyms": [
      "The Big Bad Wolf: A Novel"
    ]
  },
  {
    "value": "Midnight Bayou",
    "synonyms": [
      "Midnight Bayou"
    ]
  },
  {
    "value": "Chocolat",
    "synonyms": [
      "Chocolat"
    ]
  },
  {
    "value": "The Virgin Blue",
    "synonyms": [
      "The Virgin Blue"
    ]
  },
  {
    "value": "Dolores Claiborne",
    "synonyms": [
      "Dolores Claiborne"
    ]
  },
  {
    "value": "Prey: A Novel",
    "synonyms": [
      "Prey: A Novel"
    ]
  },
  {
    "value": "Without Remorse",
    "synonyms": [
      "Without Remorse"
    ]
  },
  {
    "value": "Contact",
    "synonyms": [
      "Contact"
    ]
  },
  {
    "value": "The Mulberry Tree",
    "synonyms": [
      "The Mulberry Tree"
    ]
  },
  {
    "value": "Interview with the Vampire",
    "synonyms": [
      "Interview with the Vampire"
    ]
  },
  {
    "value": "Midnight in the Garden of Good and Evil: A Savannah Story",
    "synonyms": [
      "Midnight in the Garden of Good and Evil: A Savannah Story"
    ]
  },
  {
    "value": "Politically Correct Bedtime Stories: Modern Tales for Our Life and Times",
    "synonyms": [
      "Politically Correct Bedtime Stories: Modern Tales for Our Life and Times"
    ]
  },
  {
    "value": "Envy",
    "synonyms": [
      "Envy"
    ]
  },
  {
    "value": "Me Talk Pretty One Day",
    "synonyms": [
      "Me Talk Pretty One Day"
    ]
  },
  {
    "value": "Cold Mountain : A Novel",
    "synonyms": [
      "Cold Mountain : A Novel"
    ]
  },
  {
    "value": "The Divine Secrets of the Ya-Ya Sisterhood: A Novel",
    "synonyms": [
      "The Divine Secrets of the Ya-Ya Sisterhood: A Novel"
    ]
  },
  {
    "value": "Blessings",
    "synonyms": [
      "Blessings"
    ]
  },
  {
    "value": "Unnatural Exposure",
    "synonyms": [
      "Unnatural Exposure"
    ]
  },
  {
    "value": "Chicken Soup for the Woman\u0027s Soul ",
    "synonyms": [
      "Chicken Soup for the Woman\u0027s Soul "
    ]
  },
  {
    "value": "The Alienist",
    "synonyms": [
      "The Alienist"
    ]
  },
  {
    "value": "Nights in Rodanthe",
    "synonyms": [
      "Nights in Rodanthe"
    ]
  },
  {
    "value": "At Home in Mitford ",
    "synonyms": [
      "At Home in Mitford "
    ]
  },
  {
    "value": "Beloved ",
    "synonyms": [
      "Beloved "
    ]
  },
  {
    "value": "Einstein\u0027s Dreams",
    "synonyms": [
      "Einstein\u0027s Dreams"
    ]
  },
  {
    "value": "The Virgin Suicides",
    "synonyms": [
      "The Virgin Suicides"
    ]
  },
  {
    "value": "The Runaway Jury",
    "synonyms": [
      "The Runaway Jury"
    ]
  },
  {
    "value": "Chosen Prey",
    "synonyms": [
      "Chosen Prey"
    ]
  },
  {
    "value": "The Murder Book",
    "synonyms": [
      "The Murder Book"
    ]
  },
  {
    "value": "Point of Origin",
    "synonyms": [
      "Point of Origin"
    ]
  },
  {
    "value": "False Memory",
    "synonyms": [
      "False Memory"
    ]
  },
  {
    "value": "The Pilot\u0027s Wife : A Novel Tag: Author of the Weight of Water ",
    "synonyms": [
      "The Pilot\u0027s Wife : A Novel Tag: Author of the Weight of Water "
    ]
  },
  {
    "value": "The Bad Place",
    "synonyms": [
      "The Bad Place"
    ]
  },
  {
    "value": "SHIPPING NEWS",
    "synonyms": [
      "SHIPPING NEWS"
    ]
  },
  {
    "value": "Midwives: A Novel",
    "synonyms": [
      "Midwives: A Novel"
    ]
  },
  {
    "value": "1st to Die: A Novel",
    "synonyms": [
      "1st to Die: A Novel"
    ]
  },
  {
    "value": "Bridget Jones\u0027s Diary",
    "synonyms": [
      "Bridget Jones\u0027s Diary"
    ]
  },
  {
    "value": "Fast Women",
    "synonyms": [
      "Fast Women"
    ]
  },
  {
    "value": "H Is for Homicide ",
    "synonyms": [
      "H Is for Homicide "
    ]
  },
  {
    "value": "Left Behind: A Novel of the Earth\u0027s Last Days ",
    "synonyms": [
      "Left Behind: A Novel of the Earth\u0027s Last Days "
    ]
  },
  {
    "value": "The Cider House Rules",
    "synonyms": [
      "The Cider House Rules"
    ]
  },
  {
    "value": "Moonlight Becomes You",
    "synonyms": [
      "Moonlight Becomes You"
    ]
  },
  {
    "value": "Left Behind: A Novel of the Earth\u0027s Last Days ",
    "synonyms": [
      "Left Behind: A Novel of the Earth\u0027s Last Days "
    ]
  },
  {
    "value": "Hearts In Atlantis : New Fiction",
    "synonyms": [
      "Hearts In Atlantis : New Fiction"
    ]
  },
  {
    "value": "D Is for Deadbeat ",
    "synonyms": [
      "D Is for Deadbeat "
    ]
  },
  {
    "value": "2nd Chance",
    "synonyms": [
      "2nd Chance"
    ]
  },
  {
    "value": "A Lesson Before Dying ",
    "synonyms": [
      "A Lesson Before Dying "
    ]
  },
  {
    "value": "The Partner",
    "synonyms": [
      "The Partner"
    ]
  },
  {
    "value": "Ahab\u0027s Wife: Or, The Star-Gazer: A Novel",
    "synonyms": [
      "Ahab\u0027s Wife: Or, The Star-Gazer: A Novel"
    ]
  },
  {
    "value": "ROAD LESS TRAVELED : A New Psychology of Love, Traditional Values, and Spritual Growth ",
    "synonyms": [
      "ROAD LESS TRAVELED : A New Psychology of Love, Traditional Values, and Spritual Growth "
    ]
  },
  {
    "value": "Chicken Soup for the Soul ",
    "synonyms": [
      "Chicken Soup for the Soul "
    ]
  },
  {
    "value": "Sophie\u0027s World: A Novel About the History of Philosophy",
    "synonyms": [
      "Sophie\u0027s World: A Novel About the History of Philosophy"
    ]
  },
  {
    "value": "The Testament",
    "synonyms": [
      "The Testament"
    ]
  },
  {
    "value": "She\u0027s Come Undone ",
    "synonyms": [
      "She\u0027s Come Undone "
    ]
  },
  {
    "value": "Q Is for Quarry",
    "synonyms": [
      "Q Is for Quarry"
    ]
  },
  {
    "value": "Suzanne\u0027s Diary for Nicholas",
    "synonyms": [
      "Suzanne\u0027s Diary for Nicholas"
    ]
  },
  {
    "value": "The Rainmaker",
    "synonyms": [
      "The Rainmaker"
    ]
  },
  {
    "value": "From Potter\u0027s Field",
    "synonyms": [
      "From Potter\u0027s Field"
    ]
  },
  {
    "value": "Pigs in Heaven",
    "synonyms": [
      "Pigs in Heaven"
    ]
  },
  {
    "value": "Mystic River",
    "synonyms": [
      "Mystic River"
    ]
  },
  {
    "value": "Digital Fortress : A Thriller",
    "synonyms": [
      "Digital Fortress : A Thriller"
    ]
  },
  {
    "value": "Insomnia",
    "synonyms": [
      "Insomnia"
    ]
  },
  {
    "value": "P Is for Peril ",
    "synonyms": [
      "P Is for Peril "
    ]
  },
  {
    "value": "Body of Evidence ",
    "synonyms": [
      "Body of Evidence "
    ]
  },
  {
    "value": "The Notebook",
    "synonyms": [
      "The Notebook"
    ]
  },
  {
    "value": "The Catcher in the Rye",
    "synonyms": [
      "The Catcher in the Rye"
    ]
  },
  {
    "value": "Violets Are Blue",
    "synonyms": [
      "Violets Are Blue"
    ]
  },
  {
    "value": "Sea Glass: A Novel",
    "synonyms": [
      "Sea Glass: A Novel"
    ]
  },
  {
    "value": "Sick Puppy",
    "synonyms": [
      "Sick Puppy"
    ]
  },
  {
    "value": "The Professor and the Madman: A Tale of Murder, Insanity, and the Making of The Oxford English Dictionary",
    "synonyms": [
      "The Professor and the Madman: A Tale of Murder, Insanity, and the Making of The Oxford English Dictionary"
    ]
  },
  {
    "value": "Black Notice",
    "synonyms": [
      "Black Notice"
    ]
  },
  {
    "value": "The Great Gatsby",
    "synonyms": [
      "The Great Gatsby"
    ]
  },
  {
    "value": "One Door Away from Heaven",
    "synonyms": [
      "One Door Away from Heaven"
    ]
  },
  {
    "value": "In Her Shoes : A Novel",
    "synonyms": [
      "In Her Shoes : A Novel"
    ]
  },
  {
    "value": "Plum Island",
    "synonyms": [
      "Plum Island"
    ]
  },
  {
    "value": "The Weight of Water",
    "synonyms": [
      "The Weight of Water"
    ]
  },
  {
    "value": "Plainsong ",
    "synonyms": [
      "Plainsong "
    ]
  },
  {
    "value": "The God of Small Things",
    "synonyms": [
      "The God of Small Things"
    ]
  },
  {
    "value": "Point of Origin",
    "synonyms": [
      "Point of Origin"
    ]
  },
  {
    "value": "Diary of a Mad Bride ",
    "synonyms": [
      "Diary of a Mad Bride "
    ]
  },
  {
    "value": "Fear Nothing",
    "synonyms": [
      "Fear Nothing"
    ]
  },
  {
    "value": "L Is for Lawless",
    "synonyms": [
      "L Is for Lawless"
    ]
  },
  {
    "value": "Drowning Ruth",
    "synonyms": [
      "Drowning Ruth"
    ]
  },
  {
    "value": "Suzanne\u0027s Diary for Nicholas",
    "synonyms": [
      "Suzanne\u0027s Diary for Nicholas"
    ]
  },
  {
    "value": "Notes From a Small Planet",
    "synonyms": [
      "Notes From a Small Planet"
    ]
  },
  {
    "value": "1st to Die: A Novel",
    "synonyms": [
      "1st to Die: A Novel"
    ]
  },
  {
    "value": "On the Street Where You Live",
    "synonyms": [
      "On the Street Where You Live"
    ]
  },
  {
    "value": "Possession : A Romance",
    "synonyms": [
      "Possession : A Romance"
    ]
  },
  {
    "value": "K Is for Killer ",
    "synonyms": [
      "K Is for Killer "
    ]
  },
  {
    "value": "Zen and the Art of Motorcycle Maintenance: An Inquiry into Values",
    "synonyms": [
      "Zen and the Art of Motorcycle Maintenance: An Inquiry into Values"
    ]
  },
  {
    "value": "Empire Falls",
    "synonyms": [
      "Empire Falls"
    ]
  },
  {
    "value": "Artemis Fowl ",
    "synonyms": [
      "Artemis Fowl "
    ]
  },
  {
    "value": "The Bear and the Dragon ",
    "synonyms": [
      "The Bear and the Dragon "
    ]
  },
  {
    "value": "A Is for Alibi ",
    "synonyms": [
      "A Is for Alibi "
    ]
  },
  {
    "value": "The Partner",
    "synonyms": [
      "The Partner"
    ]
  },
  {
    "value": "The Dark Half",
    "synonyms": [
      "The Dark Half"
    ]
  },
  {
    "value": "Atonement : A Novel",
    "synonyms": [
      "Atonement : A Novel"
    ]
  },
  {
    "value": "The Sweet Potato Queens\u0027 Book of Love",
    "synonyms": [
      "The Sweet Potato Queens\u0027 Book of Love"
    ]
  },
  {
    "value": "The Hours: A Novel",
    "synonyms": [
      "The Hours: A Novel"
    ]
  },
  {
    "value": "Manhattan Hunt Club",
    "synonyms": [
      "Manhattan Hunt Club"
    ]
  },
  {
    "value": "The Street Lawyer",
    "synonyms": [
      "The Street Lawyer"
    ]
  },
  {
    "value": "Bridget Jones\u0027s Diary",
    "synonyms": [
      "Bridget Jones\u0027s Diary"
    ]
  },
  {
    "value": "One True Thing",
    "synonyms": [
      "One True Thing"
    ]
  },
  {
    "value": "Beach Music",
    "synonyms": [
      "Beach Music"
    ]
  },
  {
    "value": "The King of Torts",
    "synonyms": [
      "The King of Torts"
    ]
  },
  {
    "value": "Rose Madder",
    "synonyms": [
      "Rose Madder"
    ]
  },
  {
    "value": "Pay It Forward",
    "synonyms": [
      "Pay It Forward"
    ]
  },
  {
    "value": "Divine Secrets of the Ya-Ya Sisterhood : A Novel",
    "synonyms": [
      "Divine Secrets of the Ya-Ya Sisterhood : A Novel"
    ]
  },
  {
    "value": "Neuromancer ",
    "synonyms": [
      "Neuromancer "
    ]
  },
  {
    "value": "The Smoke Jumper",
    "synonyms": [
      "The Smoke Jumper"
    ]
  },
  {
    "value": "Welcome to the World, Baby Girl!",
    "synonyms": [
      "Welcome to the World, Baby Girl!"
    ]
  },
  {
    "value": "Scarlet Feather",
    "synonyms": [
      "Scarlet Feather"
    ]
  },
  {
    "value": "Deception Point",
    "synonyms": [
      "Deception Point"
    ]
  },
  {
    "value": "The Andromeda Strain",
    "synonyms": [
      "The Andromeda Strain"
    ]
  },
  {
    "value": "Hearts In Atlantis",
    "synonyms": [
      "Hearts In Atlantis"
    ]
  },
  {
    "value": "Five Quarters of the Orange",
    "synonyms": [
      "Five Quarters of the Orange"
    ]
  },
  {
    "value": "About a Boy",
    "synonyms": [
      "About a Boy"
    ]
  },
  {
    "value": "Suzanne\u0027s Diary for Nicholas",
    "synonyms": [
      "Suzanne\u0027s Diary for Nicholas"
    ]
  },
  {
    "value": "Everything\u0027s Eventual : 14 Dark Tales",
    "synonyms": [
      "Everything\u0027s Eventual : 14 Dark Tales"
    ]
  },
  {
    "value": "Little Altars Everywhere: A Novel",
    "synonyms": [
      "Little Altars Everywhere: A Novel"
    ]
  },
  {
    "value": "Cause of Death",
    "synonyms": [
      "Cause of Death"
    ]
  },
  {
    "value": "Before I Say Good-Bye",
    "synonyms": [
      "Before I Say Good-Bye"
    ]
  },
  {
    "value": "The Summerhouse",
    "synonyms": [
      "The Summerhouse"
    ]
  },
  {
    "value": "The Dive From Clausen\u0027s Pier : A Novel ",
    "synonyms": [
      "The Dive From Clausen\u0027s Pier : A Novel "
    ]
  },
  {
    "value": "The Pelican Brief",
    "synonyms": [
      "The Pelican Brief"
    ]
  },
  {
    "value": "A Painted House",
    "synonyms": [
      "A Painted House"
    ]
  },
  {
    "value": "Tara Road",
    "synonyms": [
      "Tara Road"
    ]
  },
  {
    "value": "Prey",
    "synonyms": [
      "Prey"
    ]
  },
  {
    "value": "Fall On Your Knees ",
    "synonyms": [
      "Fall On Your Knees "
    ]
  },
  {
    "value": "I Is for Innocent",
    "synonyms": [
      "I Is for Innocent"
    ]
  },
  {
    "value": "The Bourne Identity",
    "synonyms": [
      "The Bourne Identity"
    ]
  },
  {
    "value": "A Beautiful Mind: The Life of Mathematical Genius and Nobel Laureate John Nash",
    "synonyms": [
      "A Beautiful Mind: The Life of Mathematical Genius and Nobel Laureate John Nash"
    ]
  },
  {
    "value": "Daisy Fay and the Miracle Man",
    "synonyms": [
      "Daisy Fay and the Miracle Man"
    ]
  },
  {
    "value": "The Search",
    "synonyms": [
      "The Search"
    ]
  },
  {
    "value": "Airframe",
    "synonyms": [
      "Airframe"
    ]
  },
  {
    "value": "Tis: A Memoir",
    "synonyms": [
      "Tis: A Memoir"
    ]
  },
  {
    "value": "The Plains of Passage ",
    "synonyms": [
      "The Plains of Passage "
    ]
  },
  {
    "value": "Faking It",
    "synonyms": [
      "Faking It"
    ]
  },
  {
    "value": "Summer Sisters",
    "synonyms": [
      "Summer Sisters"
    ]
  },
  {
    "value": "Presumed Innocent",
    "synonyms": [
      "Presumed Innocent"
    ]
  },
  {
    "value": "Miss Julia Speaks Her Mind : A Novel",
    "synonyms": [
      "Miss Julia Speaks Her Mind : A Novel"
    ]
  },
  {
    "value": "Bridget Jones: The Edge of Reason",
    "synonyms": [
      "Bridget Jones: The Edge of Reason"
    ]
  },
  {
    "value": "The Nanny Diaries: A Novel",
    "synonyms": [
      "The Nanny Diaries: A Novel"
    ]
  },
  {
    "value": "A Thousand Acres ",
    "synonyms": [
      "A Thousand Acres "
    ]
  },
  {
    "value": "Red Storm Rising",
    "synonyms": [
      "Red Storm Rising"
    ]
  },
  {
    "value": "Bridget Jones\u0027s Diary",
    "synonyms": [
      "Bridget Jones\u0027s Diary"
    ]
  },
  {
    "value": "Chicken Soup for the Teenage Soul ",
    "synonyms": [
      "Chicken Soup for the Teenage Soul "
    ]
  },
  {
    "value": "The Hours : A Novel",
    "synonyms": [
      "The Hours : A Novel"
    ]
  },
  {
    "value": "Jemima J: A Novel About Ugly Ducklings and Swans",
    "synonyms": [
      "Jemima J: A Novel About Ugly Ducklings and Swans"
    ]
  },
  {
    "value": "Hearts in Atlantis",
    "synonyms": [
      "Hearts in Atlantis"
    ]
  },
  {
    "value": "We\u0027ll Meet Again",
    "synonyms": [
      "We\u0027ll Meet Again"
    ]
  },
  {
    "value": "She\u0027s Come Undone ",
    "synonyms": [
      "She\u0027s Come Undone "
    ]
  },
  {
    "value": "Cradle and All",
    "synonyms": [
      "Cradle and All"
    ]
  },
  {
    "value": "Running with Scissors: A Memoir",
    "synonyms": [
      "Running with Scissors: A Memoir"
    ]
  },
  {
    "value": "The Blind Assassin",
    "synonyms": [
      "The Blind Assassin"
    ]
  },
  {
    "value": "Jackdaws",
    "synonyms": [
      "Jackdaws"
    ]
  },
  {
    "value": "The Four Agreements: A Practical Guide to Personal Freedom",
    "synonyms": [
      "The Four Agreements: A Practical Guide to Personal Freedom"
    ]
  },
  {
    "value": "N Is for Noose",
    "synonyms": [
      "N Is for Noose"
    ]
  },
  {
    "value": "When the Wind Blows",
    "synonyms": [
      "When the Wind Blows"
    ]
  },
  {
    "value": "Don\u0027t Sweat the Small Stuff and It\u0027s All Small Stuff : Simple Ways to Keep the Little Things from Taking Over Your Life ",
    "synonyms": [
      "Don\u0027t Sweat the Small Stuff and It\u0027s All Small Stuff : Simple Ways to Keep the Little Things from Taking Over Your Life "
    ]
  },
  {
    "value": "Drowning Ruth ",
    "synonyms": [
      "Drowning Ruth "
    ]
  },
  {
    "value": "Daughter of Fortune",
    "synonyms": [
      "Daughter of Fortune"
    ]
  },
  {
    "value": "Bee Season: A Novel",
    "synonyms": [
      "Bee Season: A Novel"
    ]
  },
  {
    "value": "Big Stone Gap: A Novel ",
    "synonyms": [
      "Big Stone Gap: A Novel "
    ]
  },
  {
    "value": "Black and Blue",
    "synonyms": [
      "Black and Blue"
    ]
  },
  {
    "value": "Gap Creek: The Story Of A Marriage",
    "synonyms": [
      "Gap Creek: The Story Of A Marriage"
    ]
  },
  {
    "value": "The Bridges of Madison County",
    "synonyms": [
      "The Bridges of Madison County"
    ]
  },
  {
    "value": "White Oleander : A Novel",
    "synonyms": [
      "White Oleander : A Novel"
    ]
  },
  {
    "value": "The Dress Lodger ",
    "synonyms": [
      "The Dress Lodger "
    ]
  },
  {
    "value": "The Stone Diaries",
    "synonyms": [
      "The Stone Diaries"
    ]
  },
  {
    "value": "The Brethren",
    "synonyms": [
      "The Brethren"
    ]
  },
  {
    "value": "The Saving Graces: A Novel",
    "synonyms": [
      "The Saving Graces: A Novel"
    ]
  },
  {
    "value": "Guilty Pleasures ",
    "synonyms": [
      "Guilty Pleasures "
    ]
  },
  {
    "value": "The Pilot\u0027s Wife : A Novel",
    "synonyms": [
      "The Pilot\u0027s Wife : A Novel"
    ]
  },
  {
    "value": "Midnight in the Garden of Good and Evil",
    "synonyms": [
      "Midnight in the Garden of Good and Evil"
    ]
  },
  {
    "value": "A Bend in the Road",
    "synonyms": [
      "A Bend in the Road"
    ]
  },
  {
    "value": "What Looks Like Crazy On An Ordinary Day",
    "synonyms": [
      "What Looks Like Crazy On An Ordinary Day"
    ]
  },
  {
    "value": "Hideaway",
    "synonyms": [
      "Hideaway"
    ]
  },
  {
    "value": "Big Cherry Holler: A Big Stone Gap Novel ",
    "synonyms": [
      "Big Cherry Holler: A Big Stone Gap Novel "
    ]
  },
  {
    "value": "Secret History",
    "synonyms": [
      "Secret History"
    ]
  },
  {
    "value": "Falling Angels",
    "synonyms": [
      "Falling Angels"
    ]
  },
  {
    "value": "Bridget Jones\u0027s Diary",
    "synonyms": [
      "Bridget Jones\u0027s Diary"
    ]
  },
  {
    "value": "Jewel",
    "synonyms": [
      "Jewel"
    ]
  },
  {
    "value": "Confessions of an Ugly Stepsister : A Novel",
    "synonyms": [
      "Confessions of an Ugly Stepsister : A Novel"
    ]
  },
  {
    "value": "Airframe",
    "synonyms": [
      "Airframe"
    ]
  },
  {
    "value": "White Teeth: A Novel",
    "synonyms": [
      "White Teeth: A Novel"
    ]
  },
  {
    "value": "Like Water for Chocolate: A Novel in Monthly Installments With Recipes, Romances and Home Remedies",
    "synonyms": [
      "Like Water for Chocolate: A Novel in Monthly Installments With Recipes, Romances and Home Remedies"
    ]
  },
  {
    "value": "The Dive From Clausen\u0027s Pier ",
    "synonyms": [
      "The Dive From Clausen\u0027s Pier "
    ]
  },
  {
    "value": "Violets Are Blue",
    "synonyms": [
      "Violets Are Blue"
    ]
  },
  {
    "value": "Black House",
    "synonyms": [
      "Black House"
    ]
  },
  {
    "value": "The Beach House",
    "synonyms": [
      "The Beach House"
    ]
  },
  {
    "value": "Visions of Sugar Plums",
    "synonyms": [
      "Visions of Sugar Plums"
    ]
  },
  {
    "value": "FORREST GUMP ",
    "synonyms": [
      "FORREST GUMP "
    ]
  },
  {
    "value": "The Idiot Girls\u0027 Action Adventure Club",
    "synonyms": [
      "The Idiot Girls\u0027 Action Adventure Club"
    ]
  },
  {
    "value": "Digital Fortress : A Thriller",
    "synonyms": [
      "Digital Fortress : A Thriller"
    ]
  },
  {
    "value": "The Street Lawyer",
    "synonyms": [
      "The Street Lawyer"
    ]
  },
  {
    "value": "The House on Mango Street ",
    "synonyms": [
      "The House on Mango Street "
    ]
  },
  {
    "value": "The Horse Whisperer",
    "synonyms": [
      "The Horse Whisperer"
    ]
  },
  {
    "value": "The English Patient",
    "synonyms": [
      "The English Patient"
    ]
  },
  {
    "value": "Skipping Christmas",
    "synonyms": [
      "Skipping Christmas"
    ]
  },
  {
    "value": "Pop Goes the Weasel",
    "synonyms": [
      "Pop Goes the Weasel"
    ]
  },
  {
    "value": "Sphere",
    "synonyms": [
      "Sphere"
    ]
  },
  {
    "value": "Daughter of Fortune: A Novel",
    "synonyms": [
      "Daughter of Fortune: A Novel"
    ]
  },
  {
    "value": "Message in a Bottle",
    "synonyms": [
      "Message in a Bottle"
    ]
  },
  {
    "value": "The Rainmaker",
    "synonyms": [
      "The Rainmaker"
    ]
  },
  {
    "value": "Loves Music, Loves to Dance",
    "synonyms": [
      "Loves Music, Loves to Dance"
    ]
  },
  {
    "value": "The Rescue",
    "synonyms": [
      "The Rescue"
    ]
  },
  {
    "value": "The King of Torts",
    "synonyms": [
      "The King of Torts"
    ]
  },
  {
    "value": "The Queen of the Damned ",
    "synonyms": [
      "The Queen of the Damned "
    ]
  },
  {
    "value": "The Chamber",
    "synonyms": [
      "The Chamber"
    ]
  },
  {
    "value": "The Bluest Eye",
    "synonyms": [
      "The Bluest Eye"
    ]
  },
  {
    "value": "The Shipping News : A Novel",
    "synonyms": [
      "The Shipping News : A Novel"
    ]
  },
  {
    "value": "The Book of Ruth ",
    "synonyms": [
      "The Book of Ruth "
    ]
  },
  {
    "value": "Mr. Murder",
    "synonyms": [
      "Mr. Murder"
    ]
  },
  {
    "value": "Gerald\u0027s Game",
    "synonyms": [
      "Gerald\u0027s Game"
    ]
  },
  {
    "value": "The Deep End of the Ocean ",
    "synonyms": [
      "The Deep End of the Ocean "
    ]
  },
  {
    "value": "Beloved",
    "synonyms": [
      "Beloved"
    ]
  },
  {
    "value": "Song of Solomon ",
    "synonyms": [
      "Song of Solomon "
    ]
  },
  {
    "value": "Carolina Moon",
    "synonyms": [
      "Carolina Moon"
    ]
  },
  {
    "value": "Three Junes",
    "synonyms": [
      "Three Junes"
    ]
  },
  {
    "value": "A Separate Peace",
    "synonyms": [
      "A Separate Peace"
    ]
  },
  {
    "value": "The Rapture of Canaan",
    "synonyms": [
      "The Rapture of Canaan"
    ]
  },
  {
    "value": "The Perfect Storm : A True Story of Men Against the Sea",
    "synonyms": [
      "The Perfect Storm : A True Story of Men Against the Sea"
    ]
  },
  {
    "value": "Disclosure",
    "synonyms": [
      "Disclosure"
    ]
  },
  {
    "value": "The Color of Magic",
    "synonyms": [
      "The Color of Magic"
    ]
  },
  {
    "value": "Dust to Dust",
    "synonyms": [
      "Dust to Dust"
    ]
  },
  {
    "value": "The Bad Beginning ",
    "synonyms": [
      "The Bad Beginning "
    ]
  },
  {
    "value": "Blow Fly: A Scarpetta Novel",
    "synonyms": [
      "Blow Fly: A Scarpetta Novel"
    ]
  },
  {
    "value": "Ellen Foster",
    "synonyms": [
      "Ellen Foster"
    ]
  },
  {
    "value": "\\O\\\" Is for Outlaw\"",
    "synonyms": [
      "\\O\\\" Is for Outlaw\""
    ]
  },
  {
    "value": "The Testament",
    "synonyms": [
      "The Testament"
    ]
  },
  {
    "value": "The Chamber",
    "synonyms": [
      "The Chamber"
    ]
  },
  {
    "value": "Flesh and Blood",
    "synonyms": [
      "Flesh and Blood"
    ]
  },
  {
    "value": "The Angel of Darkness",
    "synonyms": [
      "The Angel of Darkness"
    ]
  },
  {
    "value": "Rising Sun",
    "synonyms": [
      "Rising Sun"
    ]
  },
  {
    "value": "Girl, Interrupted",
    "synonyms": [
      "Girl, Interrupted"
    ]
  },
  {
    "value": "Back Roads",
    "synonyms": [
      "Back Roads"
    ]
  },
  {
    "value": "The Woman Next Door",
    "synonyms": [
      "The Woman Next Door"
    ]
  },
  {
    "value": "From a Buick 8 : A Novel",
    "synonyms": [
      "From a Buick 8 : A Novel"
    ]
  },
  {
    "value": "Open House",
    "synonyms": [
      "Open House"
    ]
  },
  {
    "value": "The Winner",
    "synonyms": [
      "The Winner"
    ]
  },
  {
    "value": "The Last Precinct",
    "synonyms": [
      "The Last Precinct"
    ]
  },
  {
    "value": "Bridget Jones : The Edge of Reason",
    "synonyms": [
      "Bridget Jones : The Edge of Reason"
    ]
  },
  {
    "value": "How the Garcia Girls Lost Their Accents ",
    "synonyms": [
      "How the Garcia Girls Lost Their Accents "
    ]
  },
  {
    "value": "Dreamcatcher",
    "synonyms": [
      "Dreamcatcher"
    ]
  },
  {
    "value": "The Shelters of Stone ",
    "synonyms": [
      "The Shelters of Stone "
    ]
  },
  {
    "value": "Deja Dead",
    "synonyms": [
      "Deja Dead"
    ]
  },
  {
    "value": "A Painted House",
    "synonyms": [
      "A Painted House"
    ]
  },
  {
    "value": "The Villa",
    "synonyms": [
      "The Villa"
    ]
  },
  {
    "value": "The Lottery Winner : Alvirah And Willy Stories",
    "synonyms": [
      "The Lottery Winner : Alvirah And Willy Stories"
    ]
  },
  {
    "value": "Atlantis Found",
    "synonyms": [
      "Atlantis Found"
    ]
  },
  {
    "value": "House of Sand and Fog",
    "synonyms": [
      "House of Sand and Fog"
    ]
  },
  {
    "value": "The Brethren",
    "synonyms": [
      "The Brethren"
    ]
  },
  {
    "value": "Final Target",
    "synonyms": [
      "Final Target"
    ]
  },
  {
    "value": "The Bonfire of the Vanities",
    "synonyms": [
      "The Bonfire of the Vanities"
    ]
  },
  {
    "value": "The Weight of Water : A Novel Tag: Author of Resistance and Strange Fits of Passion",
    "synonyms": [
      "The Weight of Water : A Novel Tag: Author of Resistance and Strange Fits of Passion"
    ]
  },
  {
    "value": "Dreamcatcher",
    "synonyms": [
      "Dreamcatcher"
    ]
  },
  {
    "value": "Under the Tuscan Sun",
    "synonyms": [
      "Under the Tuscan Sun"
    ]
  },
  {
    "value": "The Loop",
    "synonyms": [
      "The Loop"
    ]
  },
  {
    "value": "The Summons",
    "synonyms": [
      "The Summons"
    ]
  },
  {
    "value": "Summer Pleasures",
    "synonyms": [
      "Summer Pleasures"
    ]
  },
  {
    "value": "P Is for Peril",
    "synonyms": [
      "P Is for Peril"
    ]
  },
  {
    "value": "The Nanny Diaries: A Novel",
    "synonyms": [
      "The Nanny Diaries: A Novel"
    ]
  },
  {
    "value": "Monster : A Novel ",
    "synonyms": [
      "Monster : A Novel "
    ]
  },
  {
    "value": "Open House ",
    "synonyms": [
      "Open House "
    ]
  },
  {
    "value": "Icy Sparks",
    "synonyms": [
      "Icy Sparks"
    ]
  },
  {
    "value": "Congo",
    "synonyms": [
      "Congo"
    ]
  },
  {
    "value": "The Celestine Prophecy ",
    "synonyms": [
      "The Celestine Prophecy "
    ]
  },
  {
    "value": "The Summons",
    "synonyms": [
      "The Summons"
    ]
  },
  {
    "value": "Here on Earth",
    "synonyms": [
      "Here on Earth"
    ]
  },
  {
    "value": "A Confederacy of Dunces ",
    "synonyms": [
      "A Confederacy of Dunces "
    ]
  },
  {
    "value": "The Lost World",
    "synonyms": [
      "The Lost World"
    ]
  },
  {
    "value": "The Simple Truth",
    "synonyms": [
      "The Simple Truth"
    ]
  },
  {
    "value": "Shopgirl",
    "synonyms": [
      "Shopgirl"
    ]
  },
  {
    "value": "Breath, Eyes, Memory",
    "synonyms": [
      "Breath, Eyes, Memory"
    ]
  },
  {
    "value": "The Tale of the Body Thief ",
    "synonyms": [
      "The Tale of the Body Thief "
    ]
  },
  {
    "value": "The Prayer of Jabez: Breaking Through to the Blessed Life",
    "synonyms": [
      "The Prayer of Jabez: Breaking Through to the Blessed Life"
    ]
  },
  {
    "value": "The Tommyknockers",
    "synonyms": [
      "The Tommyknockers"
    ]
  },
  {
    "value": "The Reader",
    "synonyms": [
      "The Reader"
    ]
  },
  {
    "value": "A Virtuous Woman ",
    "synonyms": [
      "A Virtuous Woman "
    ]
  },
  {
    "value": "Ashes to Ashes",
    "synonyms": [
      "Ashes to Ashes"
    ]
  },
  {
    "value": "The Girl Who Loved Tom Gordon : A Novel",
    "synonyms": [
      "The Girl Who Loved Tom Gordon : A Novel"
    ]
  },
  {
    "value": "The Corrections: A Novel",
    "synonyms": [
      "The Corrections: A Novel"
    ]
  },
  {
    "value": "Tis : A Memoir",
    "synonyms": [
      "Tis : A Memoir"
    ]
  },
  {
    "value": "Who Moved My Cheese? An Amazing Way to Deal with Change in Your Work and in Your Life",
    "synonyms": [
      "Who Moved My Cheese? An Amazing Way to Deal with Change in Your Work and in Your Life"
    ]
  },
  {
    "value": "Back When We Were Grownups : A Novel ",
    "synonyms": [
      "Back When We Were Grownups : A Novel "
    ]
  },
  {
    "value": "Hannibal",
    "synonyms": [
      "Hannibal"
    ]
  },
  {
    "value": "Code to Zero",
    "synonyms": [
      "Code to Zero"
    ]
  },
  {
    "value": "A Heartbreaking Work of Staggering Genius",
    "synonyms": [
      "A Heartbreaking Work of Staggering Genius"
    ]
  },
  {
    "value": "Mrs Dalloway",
    "synonyms": [
      "Mrs Dalloway"
    ]
  },
  {
    "value": "Seven Habits Of Highly Effective People",
    "synonyms": [
      "Seven Habits Of Highly Effective People"
    ]
  },
  {
    "value": "Hannibal",
    "synonyms": [
      "Hannibal"
    ]
  },
  {
    "value": "The Devil Wears Prada : A Novel",
    "synonyms": [
      "The Devil Wears Prada : A Novel"
    ]
  },
  {
    "value": "American Psycho ",
    "synonyms": [
      "American Psycho "
    ]
  },
  {
    "value": "The Girl Who Loved Tom Gordon",
    "synonyms": [
      "The Girl Who Loved Tom Gordon"
    ]
  },
  {
    "value": "Dreamcatcher",
    "synonyms": [
      "Dreamcatcher"
    ]
  },
  {
    "value": "Men Are from Mars, Women Are from Venus: A Practical Guide for Improving Communication and Getting What You Want in Your Relationships",
    "synonyms": [
      "Men Are from Mars, Women Are from Venus: A Practical Guide for Improving Communication and Getting What You Want in Your Relationships"
    ]
  },
  {
    "value": "The Last Time They Met : A Novel",
    "synonyms": [
      "The Last Time They Met : A Novel"
    ]
  },
  {
    "value": "A Case of Need",
    "synonyms": [
      "A Case of Need"
    ]
  },
  {
    "value": "We Were the Mulvaneys",
    "synonyms": [
      "We Were the Mulvaneys"
    ]
  },
  {
    "value": "The Girls\u0027 Guide to Hunting and Fishing",
    "synonyms": [
      "The Girls\u0027 Guide to Hunting and Fishing"
    ]
  },
  {
    "value": "A Map of the World",
    "synonyms": [
      "A Map of the World"
    ]
  },
  {
    "value": "While I Was Gone",
    "synonyms": [
      "While I Was Gone"
    ]
  },
  {
    "value": "Charming Billy",
    "synonyms": [
      "Charming Billy"
    ]
  },
  {
    "value": "Southern Cross",
    "synonyms": [
      "Southern Cross"
    ]
  },
  {
    "value": "River, Cross My Heart",
    "synonyms": [
      "River, Cross My Heart"
    ]
  },
  {
    "value": "Full House ",
    "synonyms": [
      "Full House "
    ]
  },
  {
    "value": "The Corrections",
    "synonyms": [
      "The Corrections"
    ]
  },
  {
    "value": "The Girls\u0027 Guide to Hunting and Fishing",
    "synonyms": [
      "The Girls\u0027 Guide to Hunting and Fishing"
    ]
  },
  {
    "value": "The Last Time They Met : A Novel",
    "synonyms": [
      "The Last Time They Met : A Novel"
    ]
  },
  {
    "value": "Wifey",
    "synonyms": [
      "Wifey"
    ]
  },
  {
    "value": "Portrait of a Killer: Jack the Ripper -- Case Closed",
    "synonyms": [
      "Portrait of a Killer: Jack the Ripper -- Case Closed"
    ]
  },
  {
    "value": "Hornet\u0027s Nest",
    "synonyms": [
      "Hornet\u0027s Nest"
    ]
  },
  {
    "value": "Full Tilt ",
    "synonyms": [
      "Full Tilt "
    ]
  },
  {
    "value": "Bleachers",
    "synonyms": [
      "Bleachers"
    ]
  },
  {
    "value": "Vinegar Hill ",
    "synonyms": [
      "Vinegar Hill "
    ]
  },
  {
    "value": "How to Be Good",
    "synonyms": [
      "How to Be Good"
    ]
  },
  {
    "value": "Songs in Ordinary Time ",
    "synonyms": [
      "Songs in Ordinary Time "
    ]
  },
  {
    "value": "Slow Waltz in Cedar Bend",
    "synonyms": [
      "Slow Waltz in Cedar Bend"
    ]
  },
  {
    "value": "4 Blondes",
    "synonyms": [
      "4 Blondes"
    ]
  },
  {
    "value": "Four Blondes",
    "synonyms": [
      "Four Blondes"
    ]
  },
  {
    "value": "Isle of Dogs",
    "synonyms": [
      "Isle of Dogs"
    ]
  },
  {
    "value": "Wild Animus",
    "synonyms": [
      "Wild Animus"
    ]
  }
]